Age,Growth rate
16,1.058238636
17,1.052413157
18,1.036569403
19,1.046134162
20,1.039612539
21,1.028370518
22,1.046693092
23,1.043895503
24,1.038634779
25,1.043634197
26,1.033903525
27,1.047725422
28,1.044456698
29,1.032404314
30,1.037483655
31,1.034962812
32,1.037032167
33,1.046359338
34,1.036701375
35,1.040226337
36,1.061382023
37,1
38,1
39,1
40,1
41,1
42,1
43,1
44,1
45,1
46,1
47,1
48,1
49,1
50,1
51,1
52,1
53,1